fecha,longitud,latitud,punto,pixel,banda,reflect,sol_sus
2023-05-11,-58.8680469,-27.4646869,1,3x3,B01,0.1612895833333333,197.99999999996487
2023-05-11,-58.8680469,-27.4646869,1,3x3,B02,0.1712555555555555,197.99999999996487
2023-05-11,-58.8680469,-27.4646869,1,3x3,B03,0.2066444444444444,197.99999999996487
2023-05-11,-58.8680469,-27.4646869,1,3x3,B04,0.2509111111111111,197.99999999996487
2023-05-11,-58.8680469,-27.4646869,1,3x3,B05,0.2580583333333333,197.99999999996487
2023-05-11,-58.8680469,-27.4646869,1,3x3,B06,0.2021701388888888,197.99999999996487
2023-05-11,-58.8680469,-27.4646869,1,3x3,B07,0.2074902777777778,197.99999999996487
2023-05-11,-58.8680469,-27.4646869,1,3x3,B08,0.1937222222222222,197.99999999996487
2023-05-11,-58.8680469,-27.4646869,1,3x3,B8A,0.1731375,197.99999999996487
2023-05-11,-58.8680469,-27.4646869,1,3x3,B11,0.1188923611111111,197.99999999996487
2023-05-11,-58.8680469,-27.4646869,1,3x3,B12,0.1154618055555555,197.99999999996487
2023-05-11,-58.8667293,-27.4663034,2,3x3,B01,0.1499055555555555,150.00000000000568
2023-05-11,-58.8667293,-27.4663034,2,3x3,B02,0.1703777777777778,150.00000000000568
2023-05-11,-58.8667293,-27.4663034,2,3x3,B03,0.2022777777777777,150.00000000000568
2023-05-11,-58.8667293,-27.4663034,2,3x3,B04,0.2426888888888888,150.00000000000568
2023-05-11,-58.8667293,-27.4663034,2,3x3,B05,0.2471152777777777,150.00000000000568
2023-05-11,-58.8667293,-27.4663034,2,3x3,B06,0.1867388888888889,150.00000000000568
2023-05-11,-58.8667293,-27.4663034,2,3x3,B07,0.1880270833333333,150.00000000000568
2023-05-11,-58.8667293,-27.4663034,2,3x3,B08,0.1755444444444444,150.00000000000568
2023-05-11,-58.8667293,-27.4663034,2,3x3,B8A,0.1593729166666666,150.00000000000568
2023-05-11,-58.8667293,-27.4663034,2,3x3,B11,0.1139923611111111,150.00000000000568
2023-05-11,-58.8667293,-27.4663034,2,3x3,B12,0.1112104166666666,150.00000000000568
2023-05-11,-58.8648886,-27.4680565,3,3x3,B01,0.1497180555555555,101.0000000000133
2023-05-11,-58.8648886,-27.4680565,3,3x3,B02,0.1672555555555555,101.0000000000133
2023-05-11,-58.8648886,-27.4680565,3,3x3,B03,0.1973222222222222,101.0000000000133
2023-05-11,-58.8648886,-27.4680565,3,3x3,B04,0.2235111111111111,101.0000000000133
2023-05-11,-58.8648886,-27.4680565,3,3x3,B05,0.2186083333333333,101.0000000000133
2023-05-11,-58.8648886,-27.4680565,3,3x3,B06,0.1592916666666666,101.0000000000133
2023-05-11,-58.8648886,-27.4680565,3,3x3,B07,0.1632284722222222,101.0000000000133
2023-05-11,-58.8648886,-27.4680565,3,3x3,B08,0.1515444444444444,101.0000000000133
2023-05-11,-58.8648886,-27.4680565,3,3x3,B8A,0.1397826388888889,101.0000000000133
2023-05-11,-58.8648886,-27.4680565,3,3x3,B11,0.1142409722222222,101.0000000000133
2023-05-11,-58.8648886,-27.4680565,3,3x3,B12,0.11293125,101.0000000000133
2023-05-11,-58.8633671,-27.4692399,4,3x3,B01,0.1484409722222222,95.00000000002728
2023-05-11,-58.8633671,-27.4692399,4,3x3,B02,0.1632888888888889,95.00000000002728
2023-05-11,-58.8633671,-27.4692399,4,3x3,B03,0.1887333333333333,95.00000000002728
2023-05-11,-58.8633671,-27.4692399,4,3x3,B04,0.1961666666666666,95.00000000002728
2023-05-11,-58.8633671,-27.4692399,4,3x3,B05,0.1838541666666666,95.00000000002728
2023-05-11,-58.8633671,-27.4692399,4,3x3,B06,0.1393881944444444,95.00000000002728
2023-05-11,-58.8633671,-27.4692399,4,3x3,B07,0.1400166666666666,95.00000000002728
2023-05-11,-58.8633671,-27.4692399,4,3x3,B08,0.1354,95.00000000002728
2023-05-11,-58.8633671,-27.4692399,4,3x3,B8A,0.1282222222222222,95.00000000002728
2023-05-11,-58.8633671,-27.4692399,4,3x3,B11,0.1156020833333333,95.00000000002728
2023-05-11,-58.8633671,-27.4692399,4,3x3,B12,0.1130965277777778,95.00000000002728
2023-05-11,-58.8624538,-27.4705607,5,3x3,B01,0.1458375,69.00000000001683
2023-05-11,-58.8624538,-27.4705607,5,3x3,B02,0.1577333333333333,69.00000000001683
2023-05-11,-58.8624538,-27.4705607,5,3x3,B03,0.1787666666666666,69.00000000001683
2023-05-11,-58.8624538,-27.4705607,5,3x3,B04,0.1739111111111111,69.00000000001683
2023-05-11,-58.8624538,-27.4705607,5,3x3,B05,0.1626,69.00000000001683
2023-05-11,-58.8624538,-27.4705607,5,3x3,B06,0.1321402777777778,69.00000000001683
2023-05-11,-58.8624538,-27.4705607,5,3x3,B07,0.1332291666666666,69.00000000001683
2023-05-11,-58.8624538,-27.4705607,5,3x3,B08,0.1266555555555555,69.00000000001683
2023-05-11,-58.8624538,-27.4705607,5,3x3,B8A,0.1245479166666666,69.00000000001683
2023-05-11,-58.8624538,-27.4705607,5,3x3,B11,0.1170694444444444,69.00000000001683
2023-05-11,-58.8624538,-27.4705607,5,3x3,B12,0.1139923611111111,69.00000000001683
2023-05-11,-58.8606621,-27.4726781,6,3x3,B01,0.1426944444444444,65.00000000002615
2023-05-11,-58.8606621,-27.4726781,6,3x3,B02,0.1510111111111111,65.00000000002615
2023-05-11,-58.8606621,-27.4726781,6,3x3,B03,0.1644111111111111,65.00000000002615
2023-05-11,-58.8606621,-27.4726781,6,3x3,B04,0.1483,65.00000000002615
2023-05-11,-58.8606621,-27.4726781,6,3x3,B05,0.1395819444444444,65.00000000002615
2023-05-11,-58.8606621,-27.4726781,6,3x3,B06,0.1243777777777777,65.00000000002615
2023-05-11,-58.8606621,-27.4726781,6,3x3,B07,0.1261590277777778,65.00000000002615
2023-05-11,-58.8606621,-27.4726781,6,3x3,B08,0.1220222222222222,65.00000000002615
2023-05-11,-58.8606621,-27.4726781,6,3x3,B8A,0.1227138888888888,65.00000000002615
2023-05-11,-58.8606621,-27.4726781,6,3x3,B11,0.1159736111111111,65.00000000002615
2023-05-11,-58.8606621,-27.4726781,6,3x3,B12,0.1151930555555555,65.00000000002615
2023-05-11,-58.8591202,-27.4733471,7,3x3,B01,0.1420694444444444,63.99999999999295
2023-05-11,-58.8591202,-27.4733471,7,3x3,B02,0.1512777777777778,63.99999999999295
2023-05-11,-58.8591202,-27.4733471,7,3x3,B03,0.1640222222222222,63.99999999999295
2023-05-11,-58.8591202,-27.4733471,7,3x3,B04,0.1466777777777778,63.99999999999295
2023-05-11,-58.8591202,-27.4733471,7,3x3,B05,0.1388201388888889,63.99999999999295
2023-05-11,-58.8591202,-27.4733471,7,3x3,B06,0.1235298611111111,63.99999999999295
2023-05-11,-58.8591202,-27.4733471,7,3x3,B07,0.1259923611111111,63.99999999999295
2023-05-11,-58.8591202,-27.4733471,7,3x3,B08,0.1234555555555555,63.99999999999295
2023-05-11,-58.8591202,-27.4733471,7,3x3,B8A,0.1217638888888889,63.99999999999295
2023-05-11,-58.8591202,-27.4733471,7,3x3,B11,0.1176381944444444,63.99999999999295
2023-05-11,-58.8591202,-27.4733471,7,3x3,B12,0.1165979166666666,63.99999999999295
2023-05-11,-58.857019,-27.4740568,8,3x3,B01,0.1541236111111111,56.0000000000116
2023-05-11,-58.857019,-27.4740568,8,3x3,B02,0.1563444444444444,56.0000000000116
2023-05-11,-58.857019,-27.4740568,8,3x3,B03,0.1686333333333333,56.0000000000116
2023-05-11,-58.857019,-27.4740568,8,3x3,B04,0.1535,56.0000000000116
2023-05-11,-58.857019,-27.4740568,8,3x3,B05,0.1462013888888889,56.0000000000116
2023-05-11,-58.857019,-27.4740568,8,3x3,B06,0.1311673611111111,56.0000000000116
2023-05-11,-58.857019,-27.4740568,8,3x3,B07,0.1348944444444444,56.0000000000116
2023-05-11,-58.857019,-27.4740568,8,3x3,B08,0.134,56.0000000000116
2023-05-11,-58.857019,-27.4740568,8,3x3,B8A,0.1296576388888889,56.0000000000116
2023-05-11,-58.857019,-27.4740568,8,3x3,B11,0.1302840277777777,56.0000000000116
2023-05-11,-58.857019,-27.4740568,8,3x3,B12,0.1283055555555555,56.0000000000116
2023-05-11,-58.8624538,-27.4705607,12,3x3,B01,0.1458375,69.00000000001683
2023-05-11,-58.8624538,-27.4705607,12,3x3,B02,0.1577333333333333,69.00000000001683
2023-05-11,-58.8624538,-27.4705607,12,3x3,B03,0.1787666666666666,69.00000000001683
2023-05-11,-58.8624538,-27.4705607,12,3x3,B04,0.1739111111111111,69.00000000001683
2023-05-11,-58.8624538,-27.4705607,12,3x3,B05,0.1626,69.00000000001683
2023-05-11,-58.8624538,-27.4705607,12,3x3,B06,0.1321402777777778,69.00000000001683
2023-05-11,-58.8624538,-27.4705607,12,3x3,B07,0.1332291666666666,69.00000000001683
2023-05-11,-58.8624538,-27.4705607,12,3x3,B08,0.1266555555555555,69.00000000001683
2023-05-11,-58.8624538,-27.4705607,12,3x3,B8A,0.1245479166666666,69.00000000001683
2023-05-11,-58.8624538,-27.4705607,12,3x3,B11,0.1170694444444444,69.00000000001683
2023-05-11,-58.8624538,-27.4705607,12,3x3,B12,0.1139923611111111,69.00000000001683
2023-05-11,-58.8606621,-27.4726781,13,3x3,B01,0.1426944444444444,65.00000000002615
2023-05-11,-58.8606621,-27.4726781,13,3x3,B02,0.1510111111111111,65.00000000002615
2023-05-11,-58.8606621,-27.4726781,13,3x3,B03,0.1644111111111111,65.00000000002615
2023-05-11,-58.8606621,-27.4726781,13,3x3,B04,0.1483,65.00000000002615
2023-05-11,-58.8606621,-27.4726781,13,3x3,B05,0.1395819444444444,65.00000000002615
2023-05-11,-58.8606621,-27.4726781,13,3x3,B06,0.1243777777777777,65.00000000002615
2023-05-11,-58.8606621,-27.4726781,13,3x3,B07,0.1261590277777778,65.00000000002615
2023-05-11,-58.8606621,-27.4726781,13,3x3,B08,0.1220222222222222,65.00000000002615
2023-05-11,-58.8606621,-27.4726781,13,3x3,B8A,0.1227138888888888,65.00000000002615
2023-05-11,-58.8606621,-27.4726781,13,3x3,B11,0.1159736111111111,65.00000000002615
2023-05-11,-58.8606621,-27.4726781,13,3x3,B12,0.1151930555555555,65.00000000002615
2023-05-11,-58.8591202,-27.4733471,14,3x3,B01,0.1420694444444444,63.99999999999295
2023-05-11,-58.8591202,-27.4733471,14,3x3,B02,0.1512777777777778,63.99999999999295
2023-05-11,-58.8591202,-27.4733471,14,3x3,B03,0.1640222222222222,63.99999999999295
2023-05-11,-58.8591202,-27.4733471,14,3x3,B04,0.1466777777777778,63.99999999999295
2023-05-11,-58.8591202,-27.4733471,14,3x3,B05,0.1388201388888889,63.99999999999295
2023-05-11,-58.8591202,-27.4733471,14,3x3,B06,0.1235298611111111,63.99999999999295
2023-05-11,-58.8591202,-27.4733471,14,3x3,B07,0.1259923611111111,63.99999999999295
2023-05-11,-58.8591202,-27.4733471,14,3x3,B08,0.1234555555555555,63.99999999999295
2023-05-11,-58.8591202,-27.4733471,14,3x3,B8A,0.1217638888888889,63.99999999999295
2023-05-11,-58.8591202,-27.4733471,14,3x3,B11,0.1176381944444444,63.99999999999295
2023-05-11,-58.8591202,-27.4733471,14,3x3,B12,0.1165979166666666,63.99999999999295
2023-05-11,-58.857019,-27.4740568,15,3x3,B01,0.1541236111111111,56.0000000000116
2023-05-11,-58.857019,-27.4740568,15,3x3,B02,0.1563444444444444,56.0000000000116
2023-05-11,-58.857019,-27.4740568,15,3x3,B03,0.1686333333333333,56.0000000000116
2023-05-11,-58.857019,-27.4740568,15,3x3,B04,0.1535,56.0000000000116
2023-05-11,-58.857019,-27.4740568,15,3x3,B05,0.1462013888888889,56.0000000000116
2023-05-11,-58.857019,-27.4740568,15,3x3,B06,0.1311673611111111,56.0000000000116
2023-05-11,-58.857019,-27.4740568,15,3x3,B07,0.1348944444444444,56.0000000000116
2023-05-11,-58.857019,-27.4740568,15,3x3,B08,0.134,56.0000000000116
2023-05-11,-58.857019,-27.4740568,15,3x3,B8A,0.1296576388888889,56.0000000000116
2023-05-11,-58.857019,-27.4740568,15,3x3,B11,0.1302840277777777,56.0000000000116
2023-05-11,-58.857019,-27.4740568,15,3x3,B12,0.1283055555555555,56.0000000000116
2023-12-12,-58.8682645,-27.4647485,1,3x3,B01,0.2197131944444444,86.00000000001273
2023-12-12,-58.8682645,-27.4647485,1,3x3,B02,0.2150444444444444,86.00000000001273
2023-12-12,-58.8682645,-27.4647485,1,3x3,B03,0.2342444444444444,86.00000000001273
2023-12-12,-58.8682645,-27.4647485,1,3x3,B04,0.2521555555555556,86.00000000001273
2023-12-12,-58.8682645,-27.4647485,1,3x3,B05,0.2504291666666666,86.00000000001273
2023-12-12,-58.8682645,-27.4647485,1,3x3,B06,0.2074277777777778,86.00000000001273
2023-12-12,-58.8682645,-27.4647485,1,3x3,B07,0.2096930555555555,86.00000000001273
2023-12-12,-58.8682645,-27.4647485,1,3x3,B08,0.1935222222222222,86.00000000001273
2023-12-12,-58.8682645,-27.4647485,1,3x3,B8A,0.1963673611111111,86.00000000001273
2023-12-12,-58.8682645,-27.4647485,1,3x3,B11,0.19144375,86.00000000001273
2023-12-12,-58.8682645,-27.4647485,1,3x3,B12,0.1881076388888889,86.00000000001273
2023-12-12,-58.8678045,-27.4658444,2,3x3,B01,0.1909875,82.9999999999842
2023-12-12,-58.8678045,-27.4658444,2,3x3,B02,0.2028,82.9999999999842
2023-12-12,-58.8678045,-27.4658444,2,3x3,B03,0.2300444444444444,82.9999999999842
2023-12-12,-58.8678045,-27.4658444,2,3x3,B04,0.2455777777777777,82.9999999999842
2023-12-12,-58.8678045,-27.4658444,2,3x3,B05,0.2435569444444444,82.9999999999842
2023-12-12,-58.8678045,-27.4658444,2,3x3,B06,0.1946986111111111,82.9999999999842
2023-12-12,-58.8678045,-27.4658444,2,3x3,B07,0.1972951388888889,82.9999999999842
2023-12-12,-58.8678045,-27.4658444,2,3x3,B08,0.1833444444444444,82.9999999999842
2023-12-12,-58.8678045,-27.4658444,2,3x3,B8A,0.18200625,82.9999999999842
2023-12-12,-58.8678045,-27.4658444,2,3x3,B11,0.1723777777777778,82.9999999999842
2023-12-12,-58.8678045,-27.4658444,2,3x3,B12,0.1666708333333333,82.9999999999842
2023-12-12,-58.8652232,-27.4664385,3,3x3,B01,0.1862708333333333,71.9999999999743
2023-12-12,-58.8652232,-27.4664385,3,3x3,B02,0.2037333333333333,71.9999999999743
2023-12-12,-58.8652232,-27.4664385,3,3x3,B03,0.2276777777777777,71.9999999999743
2023-12-12,-58.8652232,-27.4664385,3,3x3,B04,0.2435555555555555,71.9999999999743
2023-12-12,-58.8652232,-27.4664385,3,3x3,B05,0.2354270833333333,71.9999999999743
2023-12-12,-58.8652232,-27.4664385,3,3x3,B06,0.18744375,71.9999999999743
2023-12-12,-58.8652232,-27.4664385,3,3x3,B07,0.1847597222222222,71.9999999999743
2023-12-12,-58.8652232,-27.4664385,3,3x3,B08,0.1761555555555555,71.9999999999743
2023-12-12,-58.8652232,-27.4664385,3,3x3,B8A,0.1745548611111111,71.9999999999743
2023-12-12,-58.8652232,-27.4664385,3,3x3,B11,0.1663451388888888,71.9999999999743
2023-12-12,-58.8652232,-27.4664385,3,3x3,B12,0.16143125,71.9999999999743
2023-12-12,-58.8634207,-27.4679387,4,3x3,B01,0.1827611111111111,66.99999999995043
2023-12-12,-58.8634207,-27.4679387,4,3x3,B02,0.2141777777777777,66.99999999995043
2023-12-12,-58.8634207,-27.4679387,4,3x3,B03,0.2476666666666666,66.99999999995043
2023-12-12,-58.8634207,-27.4679387,4,3x3,B04,0.2557555555555555,66.99999999995043
2023-12-12,-58.8634207,-27.4679387,4,3x3,B05,0.2456326388888889,66.99999999995043
2023-12-12,-58.8634207,-27.4679387,4,3x3,B06,0.19409375,66.99999999995043
2023-12-12,-58.8634207,-27.4679387,4,3x3,B07,0.19316875,66.99999999995043
2023-12-12,-58.8634207,-27.4679387,4,3x3,B08,0.1833555555555556,66.99999999995043
2023-12-12,-58.8634207,-27.4679387,4,3x3,B8A,0.1817930555555555,66.99999999995043
2023-12-12,-58.8634207,-27.4679387,4,3x3,B11,0.1731131944444444,66.99999999995043
2023-12-12,-58.8634207,-27.4679387,4,3x3,B12,0.1686729166666666,66.99999999995043
2023-12-12,-58.8622547,-27.4690254,5,3x3,B01,0.1916069444444444,63.99999999999295
2023-12-12,-58.8622547,-27.4690254,5,3x3,B02,0.2238666666666666,63.99999999999295
2023-12-12,-58.8622547,-27.4690254,5,3x3,B03,0.2622,63.99999999999295
2023-12-12,-58.8622547,-27.4690254,5,3x3,B04,0.2672666666666666,63.99999999999295
2023-12-12,-58.8622547,-27.4690254,5,3x3,B05,0.2559361111111111,63.99999999999295
2023-12-12,-58.8622547,-27.4690254,5,3x3,B06,0.2076645833333333,63.99999999999295
2023-12-12,-58.8622547,-27.4690254,5,3x3,B07,0.20779375,63.99999999999295
2023-12-12,-58.8622547,-27.4690254,5,3x3,B08,0.1890666666666666,63.99999999999295
2023-12-12,-58.8622547,-27.4690254,5,3x3,B8A,0.1957944444444444,63.99999999999295
2023-12-12,-58.8622547,-27.4690254,5,3x3,B11,0.1919145833333333,63.99999999999295
2023-12-12,-58.8622547,-27.4690254,5,3x3,B12,0.1839659722222222,63.99999999999295
2023-12-12,-58.8604727,-27.4707805,6,3x3,B01,0.2034416666666667,63.99999999999295
2023-12-12,-58.8604727,-27.4707805,6,3x3,B02,0.2240444444444444,63.99999999999295
2023-12-12,-58.8604727,-27.4707805,6,3x3,B03,0.2660666666666667,63.99999999999295
2023-12-12,-58.8604727,-27.4707805,6,3x3,B04,0.2691555555555556,63.99999999999295
2023-12-12,-58.8604727,-27.4707805,6,3x3,B05,0.2475659722222222,63.99999999999295
2023-12-12,-58.8604727,-27.4707805,6,3x3,B06,0.1968909722222222,63.99999999999295
2023-12-12,-58.8604727,-27.4707805,6,3x3,B07,0.1955493055555555,63.99999999999295
2023-12-12,-58.8604727,-27.4707805,6,3x3,B08,0.1864111111111111,63.99999999999295
2023-12-12,-58.8604727,-27.4707805,6,3x3,B8A,0.1859819444444444,63.99999999999295
2023-12-12,-58.8604727,-27.4707805,6,3x3,B11,0.1780027777777778,63.99999999999295
2023-12-12,-58.8604727,-27.4707805,6,3x3,B12,0.1731409722222222,63.99999999999295
2023-12-12,-58.8589498,-27.4724654,7,3x3,B01,0.1955715277777777,63.000000000030816
2023-12-12,-58.8589498,-27.4724654,7,3x3,B02,0.2230666666666666,63.000000000030816
2023-12-12,-58.8589498,-27.4724654,7,3x3,B03,0.2675111111111111,63.000000000030816
2023-12-12,-58.8589498,-27.4724654,7,3x3,B04,0.2693111111111111,63.000000000030816
2023-12-12,-58.8589498,-27.4724654,7,3x3,B05,0.2529979166666666,63.000000000030816
2023-12-12,-58.8589498,-27.4724654,7,3x3,B06,0.2023645833333333,63.000000000030816
2023-12-12,-58.8589498,-27.4724654,7,3x3,B07,0.2030423611111111,63.000000000030816
2023-12-12,-58.8589498,-27.4724654,7,3x3,B08,0.1873,63.000000000030816
2023-12-12,-58.8589498,-27.4724654,7,3x3,B8A,0.1941958333333333,63.000000000030816
2023-12-12,-58.8589498,-27.4724654,7,3x3,B11,0.1912888888888889,63.000000000030816
2023-12-12,-58.8589498,-27.4724654,7,3x3,B12,0.1835263888888889,63.000000000030816
2023-12-12,-58.8567404,-27.4734066,8,3x3,B01,0.1638729166666666,63.000000000030816
2023-12-12,-58.8567404,-27.4734066,8,3x3,B02,0.1553,63.000000000030816
2023-12-12,-58.8567404,-27.4734066,8,3x3,B03,0.1895,63.000000000030816
2023-12-12,-58.8567404,-27.4734066,8,3x3,B04,0.1904,63.000000000030816
2023-12-12,-58.8567404,-27.4734066,8,3x3,B05,0.1801618055555555,63.000000000030816
2023-12-12,-58.8567404,-27.4734066,8,3x3,B06,0.1414381944444444,63.000000000030816
2023-12-12,-58.8567404,-27.4734066,8,3x3,B07,0.1432875,63.000000000030816
2023-12-12,-58.8567404,-27.4734066,8,3x3,B08,0.1318444444444444,63.000000000030816
2023-12-12,-58.8567404,-27.4734066,8,3x3,B8A,0.1378673611111111,63.000000000030816
2023-12-12,-58.8567404,-27.4734066,8,3x3,B11,0.14479375,63.000000000030816
2023-12-12,-58.8567404,-27.4734066,8,3x3,B12,0.1413020833333333,63.000000000030816
2024-05-20,-58.8680573,-27.4644962,1,3x3,B01,0.1448090277777778,110.00000000002784
2024-05-20,-58.8680573,-27.4644962,1,3x3,B02,0.1473888888888889,110.00000000002784
2024-05-20,-58.8680573,-27.4644962,1,3x3,B03,0.1857222222222222,110.00000000002784
2024-05-20,-58.8680573,-27.4644962,1,3x3,B04,0.2325777777777777,110.00000000002784
2024-05-20,-58.8680573,-27.4644962,1,3x3,B05,0.2407305555555555,110.00000000002784
2024-05-20,-58.8680573,-27.4644962,1,3x3,B06,0.1894597222222222,110.00000000002784
2024-05-20,-58.8680573,-27.4644962,1,3x3,B07,0.1907923611111111,110.00000000002784
2024-05-20,-58.8680573,-27.4644962,1,3x3,B08,0.1766111111111111,110.00000000002784
2024-05-20,-58.8680573,-27.4644962,1,3x3,B8A,0.1612972222222222,110.00000000002784
2024-05-20,-58.8680573,-27.4644962,1,3x3,B11,0.1253222222222222,110.00000000002784
2024-05-20,-58.8680573,-27.4644962,1,3x3,B12,0.1247736111111111,110.00000000002784
2024-05-20,-58.8669696,-27.4652135,2,3x3,B01,0.1245131944444444,105.99999999996614
2024-05-20,-58.8669696,-27.4652135,2,3x3,B02,0.1444,105.99999999996614
2024-05-20,-58.8669696,-27.4652135,2,3x3,B03,0.1835222222222222,105.99999999996614
2024-05-20,-58.8669696,-27.4652135,2,3x3,B04,0.2291111111111111,105.99999999996614
2024-05-20,-58.8669696,-27.4652135,2,3x3,B05,0.2353125,105.99999999996614
2024-05-20,-58.8669696,-27.4652135,2,3x3,B06,0.1806569444444444,105.99999999996614
2024-05-20,-58.8669696,-27.4652135,2,3x3,B07,0.1832354166666666,105.99999999996614
2024-05-20,-58.8669696,-27.4652135,2,3x3,B08,0.1760555555555555,105.99999999996614
2024-05-20,-58.8669696,-27.4652135,2,3x3,B8A,0.1521006944444444,105.99999999996614
2024-05-20,-58.8669696,-27.4652135,2,3x3,B11,0.1032159722222222,105.99999999996614
2024-05-20,-58.8669696,-27.4652135,2,3x3,B12,0.1027166666666666,105.99999999996614
2024-05-20,-58.8655555,-27.4662499,3,3x3,B01,0.1227034722222222,95.99999999998944
2024-05-20,-58.8655555,-27.4662499,3,3x3,B02,0.1449333333333333,95.99999999998944
2024-05-20,-58.8655555,-27.4662499,3,3x3,B03,0.1834777777777778,95.99999999998944
2024-05-20,-58.8655555,-27.4662499,3,3x3,B04,0.2244888888888888,95.99999999998944
2024-05-20,-58.8655555,-27.4662499,3,3x3,B05,0.2270013888888888,95.99999999998944
2024-05-20,-58.8655555,-27.4662499,3,3x3,B06,0.1735986111111111,95.99999999998944
2024-05-20,-58.8655555,-27.4662499,3,3x3,B07,0.1746861111111111,95.99999999998944
2024-05-20,-58.8655555,-27.4662499,3,3x3,B08,0.1646333333333333,95.99999999998944
2024-05-20,-58.8655555,-27.4662499,3,3x3,B8A,0.1445770833333333,95.99999999998944
2024-05-20,-58.8655555,-27.4662499,3,3x3,B11,0.1007083333333333,95.99999999998944
2024-05-20,-58.8655555,-27.4662499,3,3x3,B12,0.1016361111111111,95.99999999998944
2024-05-20,-58.8642187,-27.4673687,4,3x3,B01,0.11746875,78.99999999999352
2024-05-20,-58.8642187,-27.4673687,4,3x3,B02,0.1397777777777777,78.99999999999352
2024-05-20,-58.8642187,-27.4673687,4,3x3,B03,0.1788777777777777,78.99999999999352
2024-05-20,-58.8642187,-27.4673687,4,3x3,B04,0.2160888888888888,78.99999999999352
2024-05-20,-58.8642187,-27.4673687,4,3x3,B05,0.2105659722222222,78.99999999999352
2024-05-20,-58.8642187,-27.4673687,4,3x3,B06,0.1566208333333333,78.99999999999352
2024-05-20,-58.8642187,-27.4673687,4,3x3,B07,0.15843125,78.99999999999352
2024-05-20,-58.8642187,-27.4673687,4,3x3,B08,0.1516,78.99999999999352
2024-05-20,-58.8642187,-27.4673687,4,3x3,B8A,0.1329534722222222,78.99999999999352
2024-05-20,-58.8642187,-27.4673687,4,3x3,B11,0.1013972222222222,78.99999999999352
2024-05-20,-58.8642187,-27.4673687,4,3x3,B12,0.1016104166666666,78.99999999999352
2024-05-20,-58.8628216,-27.4692696,5,3x3,B01,0.1214104166666666,74.0000000000407
2024-05-20,-58.8628216,-27.4692696,5,3x3,B02,0.1394,74.0000000000407
2024-05-20,-58.8628216,-27.4692696,5,3x3,B03,0.1772888888888888,74.0000000000407
2024-05-20,-58.8628216,-27.4692696,5,3x3,B04,0.2095333333333333,74.0000000000407
2024-05-20,-58.8628216,-27.4692696,5,3x3,B05,0.20513125,74.0000000000407
2024-05-20,-58.8628216,-27.4692696,5,3x3,B06,0.1475194444444444,74.0000000000407
2024-05-20,-58.8628216,-27.4692696,5,3x3,B07,0.1475875,74.0000000000407
2024-05-20,-58.8628216,-27.4692696,5,3x3,B08,0.1408222222222222,74.0000000000407
2024-05-20,-58.8628216,-27.4692696,5,3x3,B8A,0.1252034722222222,74.0000000000407
2024-05-20,-58.8628216,-27.4692696,5,3x3,B11,0.1007923611111111,74.0000000000407
2024-05-20,-58.8628216,-27.4692696,5,3x3,B12,0.1017541666666666,74.0000000000407
2024-05-20,-58.8615767,-27.4704693,6,3x3,B01,0.11856875,71.9999999999743
2024-05-20,-58.8615767,-27.4704693,6,3x3,B02,0.1346222222222222,71.9999999999743
2024-05-20,-58.8615767,-27.4704693,6,3x3,B03,0.1718111111111111,71.9999999999743
2024-05-20,-58.8615767,-27.4704693,6,3x3,B04,0.1982111111111111,71.9999999999743
2024-05-20,-58.8615767,-27.4704693,6,3x3,B05,0.1905868055555555,71.9999999999743
2024-05-20,-58.8615767,-27.4704693,6,3x3,B06,0.1365236111111111,71.9999999999743
2024-05-20,-58.8615767,-27.4704693,6,3x3,B07,0.1365979166666666,71.9999999999743
2024-05-20,-58.8615767,-27.4704693,6,3x3,B08,0.1317444444444444,71.9999999999743
2024-05-20,-58.8615767,-27.4704693,6,3x3,B8A,0.1211125,71.9999999999743
2024-05-20,-58.8615767,-27.4704693,6,3x3,B11,0.1017138888888889,71.9999999999743
2024-05-20,-58.8615767,-27.4704693,6,3x3,B12,0.1015465277777777,71.9999999999743
2024-05-20,-58.8598219,-27.4721863,7,3x3,B01,0.1168041666666666,66.99999999995043
2024-05-20,-58.8598219,-27.4721863,7,3x3,B02,0.1341222222222222,66.99999999995043
2024-05-20,-58.8598219,-27.4721863,7,3x3,B03,0.1721444444444444,66.99999999995043
2024-05-20,-58.8598219,-27.4721863,7,3x3,B04,0.1943111111111111,66.99999999995043
2024-05-20,-58.8598219,-27.4721863,7,3x3,B05,0.1808298611111111,66.99999999995043
2024-05-20,-58.8598219,-27.4721863,7,3x3,B06,0.1277222222222222,66.99999999995043
2024-05-20,-58.8598219,-27.4721863,7,3x3,B07,0.1279875,66.99999999995043
2024-05-20,-58.8598219,-27.4721863,7,3x3,B08,0.1239222222222222,66.99999999995043
2024-05-20,-58.8598219,-27.4721863,7,3x3,B8A,0.1137888888888889,66.99999999995043
2024-05-20,-58.8598219,-27.4721863,7,3x3,B11,0.1012666666666666,66.99999999995043
2024-05-20,-58.8598219,-27.4721863,7,3x3,B12,0.1023694444444444,66.99999999995043
2024-05-20,-58.8579279,-27.4732325,8,3x3,B01,0.1149576388888889,65.99999999998829
2024-05-20,-58.8579279,-27.4732325,8,3x3,B02,0.1321111111111111,65.99999999998829
2024-05-20,-58.8579279,-27.4732325,8,3x3,B03,0.1709777777777777,65.99999999998829
2024-05-20,-58.8579279,-27.4732325,8,3x3,B04,0.1850111111111111,65.99999999998829
2024-05-20,-58.8579279,-27.4732325,8,3x3,B05,0.170975,65.99999999998829
2024-05-20,-58.8579279,-27.4732325,8,3x3,B06,0.1219,65.99999999998829
2024-05-20,-58.8579279,-27.4732325,8,3x3,B07,0.1228597222222222,65.99999999998829
2024-05-20,-58.8579279,-27.4732325,8,3x3,B08,0.1178888888888888,65.99999999998829
2024-05-20,-58.8579279,-27.4732325,8,3x3,B8A,0.1091736111111111,65.99999999998829
2024-05-20,-58.8579279,-27.4732325,8,3x3,B11,0.1022277777777777,65.99999999998829
2024-05-20,-58.8579279,-27.4732325,8,3x3,B12,0.1033881944444444,65.99999999998829
2024-05-30,-58.8688526,-27.4651438,1,3x3,B01,0.1221555555555555,111.99999999995214
2024-05-30,-58.8688526,-27.4651438,1,3x3,B02,0.1446,111.99999999995214
2024-05-30,-58.8688526,-27.4651438,1,3x3,B03,0.1840444444444444,111.99999999995214
2024-05-30,-58.8688526,-27.4651438,1,3x3,B04,0.2276222222222222,111.99999999995214
2024-05-30,-58.8688526,-27.4651438,1,3x3,B05,0.2331111111111111,111.99999999995214
2024-05-30,-58.8688526,-27.4651438,1,3x3,B06,0.1769222222222222,111.99999999995214
2024-05-30,-58.8688526,-27.4651438,1,3x3,B07,0.1772111111111111,111.99999999995214
2024-05-30,-58.8688526,-27.4651438,1,3x3,B08,0.1689666666666666,111.99999999995214
2024-05-30,-58.8688526,-27.4651438,1,3x3,B8A,0.1487888888888889,111.99999999995214
2024-05-30,-58.8688526,-27.4651438,1,3x3,B11,0.1052555555555555,111.99999999995214
2024-05-30,-58.8688526,-27.4651438,1,3x3,B12,0.1044555555555555,111.99999999995214
2024-05-30,-58.866683,-27.4656234,2,3x3,B01,0.1245888888888888,103.00000000000864
2024-05-30,-58.866683,-27.4656234,2,3x3,B02,0.1448777777777777,103.00000000000864
2024-05-30,-58.866683,-27.4656234,2,3x3,B03,0.1836222222222222,103.00000000000864
2024-05-30,-58.866683,-27.4656234,2,3x3,B04,0.2266222222222222,103.00000000000864
2024-05-30,-58.866683,-27.4656234,2,3x3,B05,0.2321111111111111,103.00000000000864
2024-05-30,-58.866683,-27.4656234,2,3x3,B06,0.1748222222222222,103.00000000000864
2024-05-30,-58.866683,-27.4656234,2,3x3,B07,0.1766111111111111,103.00000000000864
2024-05-30,-58.866683,-27.4656234,2,3x3,B08,0.1651222222222222,103.00000000000864
2024-05-30,-58.866683,-27.4656234,2,3x3,B8A,0.1423555555555555,103.00000000000864
2024-05-30,-58.866683,-27.4656234,2,3x3,B11,0.1018888888888888,103.00000000000864
2024-05-30,-58.866683,-27.4656234,2,3x3,B12,0.1023555555555555,103.00000000000864
2024-05-30,-58.8652638,-27.4674984,3,3x3,B01,0.1246555555555555,82.9999999999842
2024-05-30,-58.8652638,-27.4674984,3,3x3,B02,0.1415222222222222,82.9999999999842
2024-05-30,-58.8652638,-27.4674984,3,3x3,B03,0.1817777777777778,82.9999999999842
2024-05-30,-58.8652638,-27.4674984,3,3x3,B04,0.2169777777777777,82.9999999999842
2024-05-30,-58.8652638,-27.4674984,3,3x3,B05,0.2173111111111111,82.9999999999842
2024-05-30,-58.8652638,-27.4674984,3,3x3,B06,0.1570333333333333,82.9999999999842
2024-05-30,-58.8652638,-27.4674984,3,3x3,B07,0.1560777777777778,82.9999999999842
2024-05-30,-58.8652638,-27.4674984,3,3x3,B08,0.1465777777777777,82.9999999999842
2024-05-30,-58.8652638,-27.4674984,3,3x3,B8A,0.1297,82.9999999999842
2024-05-30,-58.8652638,-27.4674984,3,3x3,B11,0.0999,82.9999999999842
2024-05-30,-58.8652638,-27.4674984,3,3x3,B12,0.1006666666666666,82.9999999999842
2024-05-30,-58.8635679,-27.4698467,4,3x3,B01,0.1238111111111111,72.00000000004536
2024-05-30,-58.8635679,-27.4698467,4,3x3,B02,0.1398444444444444,72.00000000004536
2024-05-30,-58.8635679,-27.4698467,4,3x3,B03,0.1797111111111111,72.00000000004536
2024-05-30,-58.8635679,-27.4698467,4,3x3,B04,0.2056444444444444,72.00000000004536
2024-05-30,-58.8635679,-27.4698467,4,3x3,B05,0.1957111111111111,72.00000000004536
2024-05-30,-58.8635679,-27.4698467,4,3x3,B06,0.1357777777777777,72.00000000004536
2024-05-30,-58.8635679,-27.4698467,4,3x3,B07,0.1367222222222222,72.00000000004536
2024-05-30,-58.8635679,-27.4698467,4,3x3,B08,0.1294666666666666,72.00000000004536
2024-05-30,-58.8635679,-27.4698467,4,3x3,B8A,0.1168777777777778,72.00000000004536
2024-05-30,-58.8635679,-27.4698467,4,3x3,B11,0.1004222222222222,72.00000000004536
2024-05-30,-58.8635679,-27.4698467,4,3x3,B12,0.1009333333333333,72.00000000004536
2024-05-30,-58.8624132,-27.4708793,5,3x3,B01,0.1218666666666666,67.99999999998363
2024-05-30,-58.8624132,-27.4708793,5,3x3,B02,0.1403888888888889,67.99999999998363
2024-05-30,-58.8624132,-27.4708793,5,3x3,B03,0.1793111111111111,67.99999999998363
2024-05-30,-58.8624132,-27.4708793,5,3x3,B04,0.1995111111111111,67.99999999998363
2024-05-30,-58.8624132,-27.4708793,5,3x3,B05,0.1854222222222222,67.99999999998363
2024-05-30,-58.8624132,-27.4708793,5,3x3,B06,0.1303444444444444,67.99999999998363
2024-05-30,-58.8624132,-27.4708793,5,3x3,B07,0.1282333333333333,67.99999999998363
2024-05-30,-58.8624132,-27.4708793,5,3x3,B08,0.1239,67.99999999998363
2024-05-30,-58.8624132,-27.4708793,5,3x3,B8A,0.1136222222222222,67.99999999998363
2024-05-30,-58.8624132,-27.4708793,5,3x3,B11,0.1007666666666666,67.99999999998363
2024-05-30,-58.8624132,-27.4708793,5,3x3,B12,0.1012444444444444,67.99999999998363
2024-05-30,-58.8606735,-27.4730282,6,3x3,B01,0.1196666666666666,63.99999999999295
2024-05-30,-58.8606735,-27.4730282,6,3x3,B02,0.1369444444444444,63.99999999999295
2024-05-30,-58.8606735,-27.4730282,6,3x3,B03,0.1777555555555555,63.99999999999295
2024-05-30,-58.8606735,-27.4730282,6,3x3,B04,0.1908555555555555,63.99999999999295
2024-05-30,-58.8606735,-27.4730282,6,3x3,B05,0.1720555555555555,63.99999999999295
2024-05-30,-58.8606735,-27.4730282,6,3x3,B06,0.1227,63.99999999999295
2024-05-30,-58.8606735,-27.4730282,6,3x3,B07,0.1203222222222222,63.99999999999295
2024-05-30,-58.8606735,-27.4730282,6,3x3,B08,0.1167444444444444,63.99999999999295
2024-05-30,-58.8606735,-27.4730282,6,3x3,B8A,0.1101888888888888,63.99999999999295
2024-05-30,-58.8606735,-27.4730282,6,3x3,B11,0.1003333333333333,63.99999999999295
2024-05-30,-58.8606735,-27.4730282,6,3x3,B12,0.1012888888888888,63.99999999999295
2024-05-30,-58.8593196,-27.473469,7,3x3,B01,0.1203666666666666,61.99999999999762
2024-05-30,-58.8593196,-27.473469,7,3x3,B02,0.1362,61.99999999999762
2024-05-30,-58.8593196,-27.473469,7,3x3,B03,0.1766777777777778,61.99999999999762
2024-05-30,-58.8593196,-27.473469,7,3x3,B04,0.1849333333333333,61.99999999999762
2024-05-30,-58.8593196,-27.473469,7,3x3,B05,0.1657333333333333,61.99999999999762
2024-05-30,-58.8593196,-27.473469,7,3x3,B06,0.1177222222222222,61.99999999999762
2024-05-30,-58.8593196,-27.473469,7,3x3,B07,0.1166777777777777,61.99999999999762
2024-05-30,-58.8593196,-27.473469,7,3x3,B08,0.1141777777777777,61.99999999999762
2024-05-30,-58.8593196,-27.473469,7,3x3,B8A,0.1065333333333333,61.99999999999762
2024-05-30,-58.8593196,-27.473469,7,3x3,B11,0.1012666666666666,61.99999999999762
2024-05-30,-58.8593196,-27.473469,7,3x3,B12,0.1010111111111111,61.99999999999762
2024-05-30,-58.8576185,-27.4742076,8,3x3,B01,0.1137888888888889,58.99999999996908
2024-05-30,-58.8576185,-27.4742076,8,3x3,B02,0.1352555555555555,58.99999999996908
2024-05-30,-58.8576185,-27.4742076,8,3x3,B03,0.1761444444444444,58.99999999996908
2024-05-30,-58.8576185,-27.4742076,8,3x3,B04,0.1815222222222222,58.99999999996908
2024-05-30,-58.8576185,-27.4742076,8,3x3,B05,0.1596111111111111,58.99999999996908
2024-05-30,-58.8576185,-27.4742076,8,3x3,B06,0.1171555555555555,58.99999999996908
2024-05-30,-58.8576185,-27.4742076,8,3x3,B07,0.1158666666666666,58.99999999996908
2024-05-30,-58.8576185,-27.4742076,8,3x3,B08,0.1129222222222222,58.99999999996908
2024-05-30,-58.8576185,-27.4742076,8,3x3,B8A,0.1065444444444444,58.99999999996908
2024-05-30,-58.8576185,-27.4742076,8,3x3,B11,0.1035666666666666,58.99999999996908
2024-05-30,-58.8576185,-27.4742076,8,3x3,B12,0.1031888888888888,58.99999999996908
2024-12-16,-58.868234,-27.4644894,1,3x3,B01,0.2801215277777777,115.99999999994282
2024-12-16,-58.868234,-27.4644894,1,3x3,B02,0.2931555555555555,115.99999999994282
2024-12-16,-58.868234,-27.4644894,1,3x3,B03,0.3666222222222222,115.99999999994282
2024-12-16,-58.868234,-27.4644894,1,3x3,B04,0.4303333333333333,115.99999999994282
2024-12-16,-58.868234,-27.4644894,1,3x3,B05,0.4733826388888889,115.99999999994282
2024-12-16,-58.868234,-27.4644894,1,3x3,B06,0.3784472222222222,115.99999999994282
2024-12-16,-58.868234,-27.4644894,1,3x3,B07,0.3915743055555555,115.99999999994282
2024-12-16,-58.868234,-27.4644894,1,3x3,B08,0.3363555555555556,115.99999999994282
2024-12-16,-58.868234,-27.4644894,1,3x3,B8A,0.3450722222222222,115.99999999994282
2024-12-16,-58.868234,-27.4644894,1,3x3,B11,0.2801520833333333,115.99999999994282
2024-12-16,-58.868234,-27.4644894,1,3x3,B12,0.2872534722222222,115.99999999994282
2024-12-16,-58.8676694,-27.4653045,2,3x3,B01,0.2179645833333333,95.00000000002728
2024-12-16,-58.8676694,-27.4653045,2,3x3,B02,0.2473111111111111,95.00000000002728
2024-12-16,-58.8676694,-27.4653045,2,3x3,B03,0.3110888888888888,95.00000000002728
2024-12-16,-58.8676694,-27.4653045,2,3x3,B04,0.375,95.00000000002728
2024-12-16,-58.8676694,-27.4653045,2,3x3,B05,0.3867451388888889,95.00000000002728
2024-12-16,-58.8676694,-27.4653045,2,3x3,B06,0.2933333333333333,95.00000000002728
2024-12-16,-58.8676694,-27.4653045,2,3x3,B07,0.2976569444444444,95.00000000002728
2024-12-16,-58.8676694,-27.4653045,2,3x3,B08,0.2750222222222222,95.00000000002728
2024-12-16,-58.8676694,-27.4653045,2,3x3,B8A,0.2461833333333333,95.00000000002728
2024-12-16,-58.8676694,-27.4653045,2,3x3,B11,0.1485770833333333,95.00000000002728
2024-12-16,-58.8676694,-27.4653045,2,3x3,B12,0.1430236111111111,95.00000000002728
2024-12-16,-58.8663692,-27.4661351,3,3x3,B01,0.2123381944444444,75.00000000000284
2024-12-16,-58.8663692,-27.4661351,3,3x3,B02,0.2460888888888888,75.00000000000284
2024-12-16,-58.8663692,-27.4661351,3,3x3,B03,0.3090666666666666,75.00000000000284
2024-12-16,-58.8663692,-27.4661351,3,3x3,B04,0.3640222222222222,75.00000000000284
2024-12-16,-58.8663692,-27.4661351,3,3x3,B05,0.37245,75.00000000000284
2024-12-16,-58.8663692,-27.4661351,3,3x3,B06,0.2726340277777778,75.00000000000284
2024-12-16,-58.8663692,-27.4661351,3,3x3,B07,0.2775652777777778,75.00000000000284
2024-12-16,-58.8663692,-27.4661351,3,3x3,B08,0.2549111111111111,75.00000000000284
2024-12-16,-58.8663692,-27.4661351,3,3x3,B8A,0.2244270833333333,75.00000000000284
2024-12-16,-58.8663692,-27.4661351,3,3x3,B11,0.1501694444444444,75.00000000000284
2024-12-16,-58.8663692,-27.4661351,3,3x3,B12,0.1461340277777778,75.00000000000284
2024-12-16,-58.8653543,-27.4676448,4,3x3,B01,0.1933979166666666,58.00000000000693
2024-12-16,-58.8653543,-27.4676448,4,3x3,B02,0.1985444444444444,58.00000000000693
2024-12-16,-58.8653543,-27.4676448,4,3x3,B03,0.2538,58.00000000000693
2024-12-16,-58.8653543,-27.4676448,4,3x3,B04,0.2858888888888888,58.00000000000693
2024-12-16,-58.8653543,-27.4676448,4,3x3,B05,0.28283125,58.00000000000693
2024-12-16,-58.8653543,-27.4676448,4,3x3,B06,0.1884666666666666,58.00000000000693
2024-12-16,-58.8653543,-27.4676448,4,3x3,B07,0.1890458333333333,58.00000000000693
2024-12-16,-58.8653543,-27.4676448,4,3x3,B08,0.1755888888888888,58.00000000000693
2024-12-16,-58.8653543,-27.4676448,4,3x3,B8A,0.1589083333333333,58.00000000000693
2024-12-16,-58.8653543,-27.4676448,4,3x3,B11,0.131575,58.00000000000693
2024-12-16,-58.8653543,-27.4676448,4,3x3,B12,0.1301298611111111,58.00000000000693
2024-12-16,-58.8643213,-27.4688362,5,3x3,B01,0.1670479166666666,54.00000000001626
2024-12-16,-58.8643213,-27.4688362,5,3x3,B02,0.1726555555555555,54.00000000001626
2024-12-16,-58.8643213,-27.4688362,5,3x3,B03,0.2109,54.00000000001626
2024-12-16,-58.8643213,-27.4688362,5,3x3,B04,0.2103333333333333,54.00000000001626
2024-12-16,-58.8643213,-27.4688362,5,3x3,B05,0.2024902777777777,54.00000000001626
2024-12-16,-58.8643213,-27.4688362,5,3x3,B06,0.1533708333333333,54.00000000001626
2024-12-16,-58.8643213,-27.4688362,5,3x3,B07,0.15351875,54.00000000001626
2024-12-16,-58.8643213,-27.4688362,5,3x3,B08,0.145,54.00000000001626
2024-12-16,-58.8643213,-27.4688362,5,3x3,B8A,0.1424222222222222,54.00000000001626
2024-12-16,-58.8643213,-27.4688362,5,3x3,B11,0.1362138888888888,54.00000000001626
2024-12-16,-58.8643213,-27.4688362,5,3x3,B12,0.1357201388888889,54.00000000001626
2024-12-16,-58.863874,-27.4697985,6,3x3,B01,0.1630138888888889,54.00000000001626
2024-12-16,-58.863874,-27.4697985,6,3x3,B02,0.1648777777777778,54.00000000001626
2024-12-16,-58.863874,-27.4697985,6,3x3,B03,0.1958666666666666,54.00000000001626
2024-12-16,-58.863874,-27.4697985,6,3x3,B04,0.1871444444444444,54.00000000001626
2024-12-16,-58.863874,-27.4697985,6,3x3,B05,0.1807708333333333,54.00000000001626
2024-12-16,-58.863874,-27.4697985,6,3x3,B06,0.1471402777777777,54.00000000001626
2024-12-16,-58.863874,-27.4697985,6,3x3,B07,0.1470208333333333,54.00000000001626
2024-12-16,-58.863874,-27.4697985,6,3x3,B08,0.1405444444444444,54.00000000001626
2024-12-16,-58.863874,-27.4697985,6,3x3,B8A,0.1427868055555555,54.00000000001626
2024-12-16,-58.863874,-27.4697985,6,3x3,B11,0.1376138888888889,54.00000000001626
2024-12-16,-58.863874,-27.4697985,6,3x3,B12,0.1352819444444444,54.00000000001626
2024-12-16,-58.8631197,-27.4713317,7,3x3,B01,0.1583895833333333,47.99999999995918
2024-12-16,-58.8631197,-27.4713317,7,3x3,B02,0.1601666666666666,47.99999999995918
2024-12-16,-58.8631197,-27.4713317,7,3x3,B03,0.1828888888888888,47.99999999995918
2024-12-16,-58.8631197,-27.4713317,7,3x3,B04,0.1716555555555555,47.99999999995918
2024-12-16,-58.8631197,-27.4713317,7,3x3,B05,0.1677368055555555,47.99999999995918
2024-12-16,-58.8631197,-27.4713317,7,3x3,B06,0.1450034722222222,47.99999999995918
2024-12-16,-58.8631197,-27.4713317,7,3x3,B07,0.1472534722222222,47.99999999995918
2024-12-16,-58.8631197,-27.4713317,7,3x3,B08,0.1416222222222222,47.99999999995918
2024-12-16,-58.8631197,-27.4713317,7,3x3,B8A,0.1408048611111111,47.99999999995918
2024-12-16,-58.8631197,-27.4713317,7,3x3,B11,0.1401048611111111,47.99999999995918
2024-12-16,-58.8631197,-27.4713317,7,3x3,B12,0.1375326388888889,47.99999999995918
2024-12-16,-58.8603701,-27.4727798,8,3x3,B01,0.1516597222222222,46.00000000003491
2024-12-16,-58.8603701,-27.4727798,8,3x3,B02,0.1526666666666666,46.00000000003491
2024-12-16,-58.8603701,-27.4727798,8,3x3,B03,0.1746333333333333,46.00000000003491
2024-12-16,-58.8603701,-27.4727798,8,3x3,B04,0.1626444444444444,46.00000000003491
2024-12-16,-58.8603701,-27.4727798,8,3x3,B05,0.1578423611111111,46.00000000003491
2024-12-16,-58.8603701,-27.4727798,8,3x3,B06,0.1419576388888889,46.00000000003491
2024-12-16,-58.8603701,-27.4727798,8,3x3,B07,0.1425840277777778,46.00000000003491
2024-12-16,-58.8603701,-27.4727798,8,3x3,B08,0.1397555555555555,46.00000000003491
2024-12-16,-58.8603701,-27.4727798,8,3x3,B8A,0.1379652777777777,46.00000000003491
2024-12-16,-58.8603701,-27.4727798,8,3x3,B11,0.1371409722222222,46.00000000003491
2024-12-16,-58.8603701,-27.4727798,8,3x3,B12,0.1358520833333333,46.00000000003491
2024-12-16,-58.8594739,-27.4738798,9,3x3,B01,0.15470625,43.00000000000637
2024-12-16,-58.8594739,-27.4738798,9,3x3,B02,0.1606222222222222,43.00000000000637
2024-12-16,-58.8594739,-27.4738798,9,3x3,B03,0.1801777777777777,43.00000000000637
2024-12-16,-58.8594739,-27.4738798,9,3x3,B04,0.1712888888888888,43.00000000000637
2024-12-16,-58.8594739,-27.4738798,9,3x3,B05,0.1656381944444444,43.00000000000637
2024-12-16,-58.8594739,-27.4738798,9,3x3,B06,0.1502131944444444,43.00000000000637
2024-12-16,-58.8594739,-27.4738798,9,3x3,B07,0.1496993055555555,43.00000000000637
2024-12-16,-58.8594739,-27.4738798,9,3x3,B08,0.1458444444444444,43.00000000000637
2024-12-16,-58.8594739,-27.4738798,9,3x3,B8A,0.1452833333333333,43.00000000000637
2024-12-16,-58.8594739,-27.4738798,9,3x3,B11,0.1431715277777777,43.00000000000637
2024-12-16,-58.8594739,-27.4738798,9,3x3,B12,0.1428090277777778,43.00000000000637
2024-12-16,-58.857934,-27.4743388,10,3x3,B01,0.1570486111111111,37.99999999998249
2024-12-16,-58.857934,-27.4743388,10,3x3,B02,0.1584777777777777,37.99999999998249
2024-12-16,-58.857934,-27.4743388,10,3x3,B03,0.1785,37.99999999998249
2024-12-16,-58.857934,-27.4743388,10,3x3,B04,0.1682111111111111,37.99999999998249
2024-12-16,-58.857934,-27.4743388,10,3x3,B05,0.1654180555555555,37.99999999998249
2024-12-16,-58.857934,-27.4743388,10,3x3,B06,0.1480166666666666,37.99999999998249
2024-12-16,-58.857934,-27.4743388,10,3x3,B07,0.1492916666666666,37.99999999998249
2024-12-16,-58.857934,-27.4743388,10,3x3,B08,0.1437666666666666,37.99999999998249
2024-12-16,-58.857934,-27.4743388,10,3x3,B8A,0.1442479166666666,37.99999999998249
2024-12-16,-58.857934,-27.4743388,10,3x3,B11,0.1465,37.99999999998249
2024-12-16,-58.857934,-27.4743388,10,3x3,B12,0.1423159722222222,37.99999999998249
2024-12-16,-58.8574817,-27.4748002,11,3x3,B01,0.1504958333333333,45.00000000000171
2024-12-16,-58.8574817,-27.4748002,11,3x3,B02,0.1590888888888889,45.00000000000171
2024-12-16,-58.8574817,-27.4748002,11,3x3,B03,0.1797555555555555,45.00000000000171
2024-12-16,-58.8574817,-27.4748002,11,3x3,B04,0.1686666666666667,45.00000000000171
2024-12-16,-58.8574817,-27.4748002,11,3x3,B05,0.1644409722222222,45.00000000000171
2024-12-16,-58.8574817,-27.4748002,11,3x3,B06,0.1456548611111111,45.00000000000171
2024-12-16,-58.8574817,-27.4748002,11,3x3,B07,0.1477930555555555,45.00000000000171
2024-12-16,-58.8574817,-27.4748002,11,3x3,B08,0.1445,45.00000000000171
2024-12-16,-58.8574817,-27.4748002,11,3x3,B8A,0.1455902777777777,45.00000000000171
2024-12-16,-58.8574817,-27.4748002,11,3x3,B11,0.1459159722222222,45.00000000000171
2024-12-16,-58.8574817,-27.4748002,11,3x3,B12,0.1421715277777777,45.00000000000171
2024-12-16,-58.8599399,-27.473679,12,3x3,B01,0.16023125,42.00000000004422
2024-12-16,-58.8599399,-27.473679,12,3x3,B02,0.1661222222222222,42.00000000004422
2024-12-16,-58.8599399,-27.473679,12,3x3,B03,0.1878,42.00000000004422
2024-12-16,-58.8599399,-27.473679,12,3x3,B04,0.1758333333333333,42.00000000004422
2024-12-16,-58.8599399,-27.473679,12,3x3,B05,0.1719680555555555,42.00000000004422
2024-12-16,-58.8599399,-27.473679,12,3x3,B06,0.1543423611111111,42.00000000004422
2024-12-16,-58.8599399,-27.473679,12,3x3,B07,0.1551083333333333,42.00000000004422
2024-12-16,-58.8599399,-27.473679,12,3x3,B08,0.1520555555555555,42.00000000004422
2024-12-16,-58.8599399,-27.473679,12,3x3,B8A,0.1514527777777777,42.00000000004422
2024-12-16,-58.8599399,-27.473679,12,3x3,B11,0.1478055555555555,42.00000000004422
2024-12-16,-58.8599399,-27.473679,12,3x3,B12,0.1461020833333333,42.00000000004422
2024-12-16,-58.8645091,-27.4684081,13,3x3,B01,0.1722055555555555,45.99999999996385
2024-12-16,-58.8645091,-27.4684081,13,3x3,B02,0.1827,45.99999999996385
2024-12-16,-58.8645091,-27.4684081,13,3x3,B03,0.2265555555555555,45.99999999996385
2024-12-16,-58.8645091,-27.4684081,13,3x3,B04,0.2300444444444444,45.99999999996385
2024-12-16,-58.8645091,-27.4684081,13,3x3,B05,0.21858125,45.99999999996385
2024-12-16,-58.8645091,-27.4684081,13,3x3,B06,0.15849375,45.99999999996385
2024-12-16,-58.8645091,-27.4684081,13,3x3,B07,0.1591715277777778,45.99999999996385
2024-12-16,-58.8645091,-27.4684081,13,3x3,B08,0.1513333333333333,45.99999999996385
2024-12-16,-58.8645091,-27.4684081,13,3x3,B8A,0.1468333333333333,45.99999999996385
2024-12-16,-58.8645091,-27.4684081,13,3x3,B11,0.1366916666666666,45.99999999996385
2024-12-16,-58.8645091,-27.4684081,13,3x3,B12,0.1338666666666666,45.99999999996385
2024-12-16,-58.8678377,-27.4652393,14,3x3,B01,0.2174201388888888,97.99999999998477
2024-12-16,-58.8678377,-27.4652393,14,3x3,B02,0.2645333333333333,97.99999999998477
2024-12-16,-58.8678377,-27.4652393,14,3x3,B03,0.3266444444444444,97.99999999998477
2024-12-16,-58.8678377,-27.4652393,14,3x3,B04,0.3906,97.99999999998477
2024-12-16,-58.8678377,-27.4652393,14,3x3,B05,0.3985048611111111,97.99999999998477
2024-12-16,-58.8678377,-27.4652393,14,3x3,B06,0.3053777777777778,97.99999999998477
2024-12-16,-58.8678377,-27.4652393,14,3x3,B07,0.3090104166666667,97.99999999998477
2024-12-16,-58.8678377,-27.4652393,14,3x3,B08,0.2902666666666667,97.99999999998477
2024-12-16,-58.8678377,-27.4652393,14,3x3,B8A,0.2559618055555556,97.99999999998477
2024-12-16,-58.8678377,-27.4652393,14,3x3,B11,0.1551944444444444,97.99999999998477
2024-12-16,-58.8678377,-27.4652393,14,3x3,B12,0.1496354166666667,97.99999999998477
